name,description,url,learning_resource_type,language,thumbnail_url,typical_age_range,text_complexity,author,publisher,use_rights_url,time_required,technical_format,extensions,rating,relevance,lti_link,educational_audience,accessibility_api,accessibility_input_methods,accessibility_features,accessibility_hazards,access_mode,taxonomies,subjects
AP / AB Calculus Test - Sample Questions 13 & 14,,https://www.youtube.com/embed/O9V2Bvysvs0,Media/Video,en,https://images-staging.opened.com/pictures/1890960/image20170920-4-1ckjl84.jpg?1505872718,0-12,"{""flesch-kincaid"":null,""lexile"":null}","",patrickJMT,,278.0,,{},3.0,0.0,"{""title"":""https://www.opened.io/resources/1890960"",""launch_url"":""https://www.opened.io/resources/1890960"",""description"":"""",""extension"":"""",""secure_launch_url"":"""",""icon"":"""",""secure_icon"":"""",""vendor"":{""code"":""NULL"",""name"":""OpenEd""},""cartridge_icon"":{""name"":""NULL"",""resourceUri"":""NULL""},""cartridge_bundle"":{""name"":""NULL"",""resourceUri"":""NULL""}}",[],[],"[""fullMouseControl""]",[],[],"[""auditory"",""color"",""textOnImage"",""visual""]","[""TEKS.Math.6.MD.13"",""TEKS.Math.7.PFL.13"",""TEKS.Math.6.PFL.14"",""TEKS.ELA.K.WP.13"",""TEKS.ELA.1.CIT.13"",""TEKS.ELA.2.CIT.13"",""TEKS.ELA.3.CIT.13"",""TEKS.ELA.4.CIT.13"",""TEKS.ELA.5.CIT.13"",""TEKS.ELA.K.WL.14"",""TEKS.ELA.1.CIT.14"",""TEKS.ELA.2.CIT.14"",""TEKS.ELA.3.CIT.14"",""TEKS.ELA.4.RM.14"",""TEKS.ELA.5.RM.14"",""TEKS.ELA.6.RM.13"",""TEKS.ELA.7.RM.13"",""TEKS.ELA.8.RM.13"",""TEKS.ELA.6-8.WP.14"",""TEKS.ELA.6.WP.14"",""TEKS.ELA.7-8.WP.14"",""TEKS.ELA.E1.WP.13"",""TEKS.ELA.E1.WLT.14"",""TEKS.ELA.E2.WP.13"",""TEKS.ELA.E2.WL.14"",""TEKS.ELA.E3.WP.13"",""TEKS.ELA.E3.WL.14"",""TEKS.ELA.E4.WP.13"",""TEKS.ELA.E4.WL.14""]",[]
AP / AB Calculus Test - Sample Questions 11 & 12,,https://www.youtube.com/embed/4jzpKdQBthI,Media/Video,en,https://images-staging.opened.com/pictures/1890961/image20170920-4-pju3vv.jpg?1505872748,0-12,"{""flesch-kincaid"":null,""lexile"":null}","",patrickJMT,,321.0,,{},3.0,0.0,"{""title"":""https://www.opened.io/resources/1890961"",""launch_url"":""https://www.opened.io/resources/1890961"",""description"":"""",""extension"":"""",""secure_launch_url"":"""",""icon"":"""",""secure_icon"":"""",""vendor"":{""code"":""NULL"",""name"":""OpenEd""},""cartridge_icon"":{""name"":""NULL"",""resourceUri"":""NULL""},""cartridge_bundle"":{""name"":""NULL"",""resourceUri"":""NULL""}}",[],[],"[""fullMouseControl""]",[],[],"[""auditory"",""color"",""textOnImage"",""visual""]","[""TEKS.Math.2.PFL.11"",""TEKS.Math.6.MD.11"",""TEKS.Math.7.EER.11"",""TEKS.Math.8.MD.11"",""TEKS.Math.6.MD.12"",""TEKS.Math.7.MD.12"",""TEKS.Math.8.PFL.12"",""TEKS.ELA.K.CIT.11"",""TEKS.ELA.1.CL.11"",""TEKS.ELA.2.CL.11"",""TEKS.ELA.3.IR.11"",""TEKS.ELA.4.CIT.11"",""TEKS.ELA.5.CIT.11"",""TEKS.ELA.K.RM.12"",""TEKS.ELA.1.IR.12"",""TEKS.ELA.2.IR.12"",""TEKS.ELA.3.CIT.12"",""TEKS.ELA.4.CIT.12"",""TEKS.ELA.5.CIT.12"",""TEKS.ELA.6.CIT.11"",""TEKS.ELA.7.CIT.11"",""TEKS.ELA.8.CIT.11"",""TEKS.ELA.6.CIT.12"",""TEKS.ELA.7.CIT.12"",""TEKS.ELA.8.CIT.12"",""TEKS.ELA.E1.CIT.11"",""TEKS.ELA.E1.RM.12"",""TEKS.ELA.E2.CIT.11"",""TEKS.ELA.E2.RM.12"",""TEKS.ELA.E3.CIT.11"",""TEKS.ELA.E3.RM.12"",""TEKS.ELA.E4.CIT.11"",""TEKS.ELA.E4.RM.12""]",[]
AP / AB Calculus Test - Sample Questions 9 & 10,,https://www.youtube.com/embed/HS2DyPAY6Kk,Media/Video,en,https://images-staging.opened.com/pictures/1890962/image20170920-4-1jtv69n.jpg?1505872788,0-12,"{""flesch-kincaid"":null,""lexile"":null}","",patrickJMT,,317.0,,{},3.0,0.0,"{""title"":""https://www.opened.io/resources/1890962"",""launch_url"":""https://www.opened.io/resources/1890962"",""description"":"""",""extension"":"""",""secure_launch_url"":"""",""icon"":"""",""secure_icon"":"""",""vendor"":{""code"":""NULL"",""name"":""OpenEd""},""cartridge_icon"":{""name"":""NULL"",""resourceUri"":""NULL""},""cartridge_bundle"":{""name"":""NULL"",""resourceUri"":""NULL""}}",[],[],"[""fullMouseControl""]",[],[],"[""auditory"",""color"",""textOnImage"",""visual""]","[""TEKS.Math.K-1.PFL.9"",""TEKS.Math.2.GM.9"",""TEKS.Math.3.PFL.9"",""TEKS.Math.4.DA.9"",""TEKS.Math.5.DA.9"",""TEKS.Math.2.DA.10"",""TEKS.Math.4-5.PFL.10"",""TEKS.Math.6.EER.9"",""TEKS.Math.7.EER.9"",""TEKS.Math.8.EER.9"",""TEKS.Math.6.EER.10"",""TEKS.Math.7.EER.10"",""TEKS.Math.8.TS.10"",""TEKS.Math.MMWA.MMSS.9"",""TEKS.Math.MMWA.MMSS.10"",""TEKS.ELA.K.CIT.9"",""TEKS.ELA.1.CL.9"",""TEKS.ELA.2.CL.9"",""TEKS.ELA.3.CL.9"",""TEKS.ELA.4.IR.9"",""TEKS.ELA.5.IR.9"",""TEKS.ELA.K.CIT.10"",""TEKS.ELA.1.CL.10"",""TEKS.ELA.2.CL.10"",""TEKS.ELA.3.CL.10"",""TEKS.ELA.4.CIT.10"",""TEKS.ELA.5.CIT.10"",""TEKS.ELA.6.CIT.9"",""TEKS.ELA.7.CIT.9"",""TEKS.ELA.8.CIT.9"",""TEKS.ELA.6.CIT.10"",""TEKS.ELA.7.CIT.10"",""TEKS.ELA.8.CIT.10"",""TEKS.ELA.E1.CIT.9"",""TEKS.ELA.E1.CIT.10"",""TEKS.ELA.E2.CIT.9"",""TEKS.ELA.E2.CIT.10"",""TEKS.ELA.E3.CIT.9"",""TEKS.ELA.E3.CIT.10"",""TEKS.ELA.E4.CIT.9"",""TEKS.ELA.E4.CIT.10"",""TEKS.ELA.R.RR.9"",""TEKS.ELA.R.IK.10"",""TEKS.ELA.D.D.9"",""TEKS.ELA.D.E.10""]",[]
AP / AB Calculus Test - Sample Questions 7 & 8,,https://www.youtube.com/embed/Gn9l2GlTDQU,Media/Video,en,https://images-staging.opened.com/pictures/1890963/image20180228-4-1wpgnw6.jpg?1519816222,0-12,"{""flesch-kincaid"":null,""lexile"":null}","",patrickJMT,,441.0,,{},3.0,0.0,"{""title"":""https://www.opened.io/resources/1890963"",""launch_url"":""https://www.opened.io/resources/1890963"",""description"":"""",""extension"":"""",""secure_launch_url"":"""",""icon"":"""",""secure_icon"":"""",""vendor"":{""code"":""NULL"",""name"":""OpenEd""},""cartridge_icon"":{""name"":""NULL"",""resourceUri"":""NULL""},""cartridge_bundle"":{""name"":""NULL"",""resourceUri"":""NULL""}}",[],[],"[""fullMouseControl""]",[],[],"[""auditory"",""color"",""textOnImage"",""visual""]","[""TEKS.Math.K.GM.7"",""TEKS.Math.1.GM.7"",""TEKS.Math.2.AR.7"",""TEKS.Math.3.GM.7"",""TEKS.Math.4.GM.7"",""TEKS.Math.5.GM.7"",""TEKS.Math.K.DA.8"",""TEKS.Math.1.DA.8"",""TEKS.Math.2.GM.8"",""TEKS.Math.3.DA.8"",""TEKS.Math.4.GM.8"",""TEKS.Math.5.GM.8"",""TEKS.Math.6.EER.7"",""TEKS.Math.7.EER.7"",""TEKS.Math.8.EER.7"",""TEKS.Math.6.EER.8"",""TEKS.Math.7.EER.8"",""TEKS.Math.8.EER.8"",""TEKS.Math.MMWA.MMFA.7"",""TEKS.Math.MMWA.MMSS.8"",""TEKS.ELA.K.CL.7"",""TEKS.ELA.1.CL.7"",""TEKS.ELA.2.CL.7"",""TEKS.ELA.3.CL.7"",""TEKS.ELA.4.CL.7"",""TEKS.ELA.5.CL.7"",""TEKS.ELA.K.CL.8"",""TEKS.ELA.3.CL.8"",""TEKS.ELA.1.CL.8"",""TEKS.ELA.2.CL.8"",""TEKS.ELA.4.CL.8"",""TEKS.ELA.5.CL.8"",""TEKS.ELA.6.CL.7"",""TEKS.ELA.7.CL.7"",""TEKS.ELA.8.CLT.7"",""TEKS.ELA.6.CL.8"",""TEKS.ELA.7.CL.8"",""TEKS.ELA.8.CLT.8"",""TEKS.ELA.E1.CL.7"",""TEKS.ELA.E1.CIT.8"",""TEKS.ELA.E2.CL.7"",""TEKS.ELA.E2.CIT.8"",""TEKS.ELA.E3.CL.7"",""TEKS.ELA.E3.CIT.8"",""TEKS.ELA.E4.CL.7"",""TEKS.ELA.E4.CIT.8"",""TEKS.ELA.R.FU.7"",""TEKS.ELA.R.FSR.8"",""TEKS.ELA.PS.D.7"",""TEKS.ELA.PS.E.8"",""TEKS.ELA.OI.RP.7"",""TEKS.ELA.OI.E.8"",""TEKS.ELA.D.CC.7"",""TEKS.ELA.D.R.8"",""317aa844-12a7-11e8-bce9-0242ac120005""]","[""Mathematics""]"
AP / AB Calculus Test - Sample Questions 5 & 6,,https://www.youtube.com/embed/KRKVL72al28,Media/Video,en,https://images-staging.opened.com/pictures/1890964/image20170920-4-82d5se.jpg?1505872889,0-12,"{""flesch-kincaid"":null,""lexile"":null}","",patrickJMT,,452.0,,{},3.0,0.0,"{""title"":""https://www.opened.io/resources/1890964"",""launch_url"":""https://www.opened.io/resources/1890964"",""description"":"""",""extension"":"""",""secure_launch_url"":"""",""icon"":"""",""secure_icon"":"""",""vendor"":{""code"":""NULL"",""name"":""OpenEd""},""cartridge_icon"":{""name"":""NULL"",""resourceUri"":""NULL""},""cartridge_bundle"":{""name"":""NULL"",""resourceUri"":""NULL""}}",[],[],"[""fullMouseControl""]",[],[],"[""auditory"",""color"",""textOnImage"",""visual""]","[""TEKS.Math.K.AR.5"",""TEKS.Math.1.AR.5"",""TEKS.Math.2.NO.5"",""TEKS.Math.3.AR.5"",""TEKS.Math.4.AR.5"",""TEKS.Math.5.GM.5"",""TEKS.Math.K-1.GM.6"",""TEKS.Math.2.NO.6"",""TEKS.Math.3.GM.6"",""TEKS.Math.4.GM.6"",""TEKS.Math.5.GM.6"",""TEKS.Math.6.P.5"",""TEKS.Math.7.P.5"",""TEKS.Math.8.P.5"",""TEKS.Math.6.EER.6"",""TEKS.Math.7.P.6"",""TEKS.Math.8.EER.6"",""TEKS.Math.P.AR.5"",""TEKS.Math.MMWA.MMSE.5"",""TEKS.Math.MMWA.MMSE.6"",""TEKS.ELA.K.RV.5"",""TEKS.ELA.1.RF.5"",""TEKS.ELA.2.RV.5"",""TEKS.ELA.3.CL.5"",""TEKS.ELA.4.CL.5"",""TEKS.ELA.5.CL.5"",""TEKS.ELA.K.CL.6"",""TEKS.ELA.2.CL.6"",""TEKS.ELA.1.RV.6"",""TEKS.ELA.3.CL.6"",""TEKS.ELA.4.CL.6"",""TEKS.ELA.5.CL.6"",""TEKS.ELA.6.CL.5"",""TEKS.ELA.7.CL.5"",""TEKS.ELA.8.CLT.5"",""TEKS.ELA.6.CL.6"",""TEKS.ELA.7.CL.6"",""TEKS.ELA.8.CLT.6"",""TEKS.ELA.E1.CL.5"",""TEKS.ELA.E1.CL.6"",""TEKS.ELA.E2.CL.5"",""TEKS.ELA.E2.CL.6"",""TEKS.ELA.E3.CL.5"",""TEKS.ELA.E3.CL.6"",""TEKS.ELA.E4.CL.5"",""TEKS.ELA.E4.CL.6"",""TEKS.ELA.R.CI.5"",""TEKS.ELA.R.RC.6"",""TEKS.ELA.CRSS.SS.5"",""TEKS.ELA.CRSS.SR.6"",""TEKS.ELA.CM.VAM.5"",""TEKS.ELA.LG.WTL.5"",""TEKS.ELA.RTW.EW.5"",""TEKS.ELA.PWS.AIT.5"",""TEKS.ELA.PWS.UV.6"",""TEKS.ELA.H.AC.5"",""TEKS.ELA.PS.PA.5"",""TEKS.ELA.PS.S.6"",""TEKS.ELA.OI.A.5"",""TEKS.ELA.OI.OI.6"",""TEKS.ELA.D.L.5"",""TEKS.ELA.D.UP.6"",""TEKS.ELA.ISS.E.5"",""TEKS.ELA.J.EP.5"",""TEKS.ELA.AJYNLM.TA.5""]",[]
AP / AB Calculus Test - Sample Questions 3 & 4,,https://www.youtube.com/embed/cIYbBm3SWqE,Media/Video,en,https://images-staging.opened.com/pictures/1890965/image20170920-4-a4t1eo.jpg?1505872932,0-12,"{""flesch-kincaid"":null,""lexile"":null}","",patrickJMT,,404.0,,{},3.0,0.0,"{""title"":""https://www.opened.io/resources/1890965"",""launch_url"":""https://www.opened.io/resources/1890965"",""description"":"""",""extension"":"""",""secure_launch_url"":"""",""icon"":"""",""secure_icon"":"""",""vendor"":{""code"":""NULL"",""name"":""OpenEd""},""cartridge_icon"":{""name"":""NULL"",""resourceUri"":""NULL""},""cartridge_bundle"":{""name"":""NULL"",""resourceUri"":""NULL""}}",[],[],"[""fullMouseControl""]",[],[],"[""auditory"",""color"",""textOnImage"",""visual""]","[""TEKS.Math.K.NO.3"",""TEKS.Math.1.NO.3"",""TEKS.Math.2.NO.3"",""TEKS.Math.3.NO.3"",""TEKS.Math.4.NO.3"",""TEKS.Math.5.NO.3"",""TEKS.Math.K.NO.4"",""TEKS.Math.1.NO.4"",""TEKS.Math.2.NO.4"",""TEKS.Math.3.NO.4"",""TEKS.Math.4.NO.4"",""TEKS.Math.5.AR.4"",""TEKS.Math.6.NO.3"",""TEKS.Math.7.NO.3"",""TEKS.Math.8.P.3"",""TEKS.Math.6.P.4"",""TEKS.Math.7.P.4"",""TEKS.Math.8.P.4"",""TEKS.Math.P.RGR.3"",""TEKS.Math.P.NM.4"",""TEKS.Math.MMWA.MMPF.3"",""TEKS.Math.MMWA.MMPF.4"",""TEKS.ELA.K.RS.3"",""TEKS.ELA.1.RS.3"",""TEKS.ELA.2.SR.3"",""TEKS.ELA.3.RF.3"",""TEKS.ELA.4.CL.3"",""TEKS.ELA.5.CL.3"",""TEKS.ELA.K.SR.4"",""TEKS.ELA.1.SR.4"",""TEKS.ELA.2.RF.4"",""TEKS.ELA.3.RV.4"",""TEKS.ELA.4.CL.4"",""TEKS.ELA.5.CL.4"",""TEKS.ELA.6.CL.3"",""TEKS.ELA.7.CL.3"",""TEKS.ELA.8.CLT.3"",""TEKS.ELA.6.CL.4"",""TEKS.ELA.7.CL.4"",""TEKS.ELA.8.CLT.4"",""TEKS.ELA.E1.CL.3"",""TEKS.ELA.E1.CL.4"",""TEKS.ELA.E2.CL.3"",""TEKS.ELA.E2.CL.4"",""TEKS.ELA.E3.CL.3"",""TEKS.ELA.E3.CL.4"",""TEKS.ELA.E4.CL.3"",""TEKS.ELA.E4.CL.4"",""TEKS.ELA.R.RVP.3"",""TEKS.ELA.R.CT.4"",""TEKS.ELA.CRSS.CT.3"",""TEKS.ELA.CRSS.RC.4"",""TEKS.ELA.VMAP.PVR.3"",""TEKS.ELA.CM.IA.3"",""TEKS.ELA.CM.IM.4"",""TEKS.ELA.LG.RC.3"",""TEKS.ELA.LG.IK.4"",""TEKS.ELA.CW.UM.3"",""TEKS.ELA.CW.OWWO.4"",""TEKS.ELA.RTW.WI.3"",""TEKS.ELA.RTW.UM.4"",""TEKS.ELA.PWS.RVA.3"",""TEKS.ELA.PWS.EW.4"",""TEKS.ELA.H.LR.3"",""TEKS.ELA.H.IC.4"",""TEKS.ELA.PS.I.3"",""TEKS.ELA.PS.O.4"",""TEKS.ELA.CA.C.3"",""TEKS.ELA.CA.P.4"",""TEKS.ELA.OI.RR.3"",""TEKS.ELA.OI.A.4"",""TEKS.ELA.D.PV.3"",""TEKS.ELA.D.PP.4"",""TEKS.ELA.ISS.P.3"",""TEKS.ELA.ISS.PF.4"",""TEKS.ELA.J.RA.3"",""TEKS.ELA.J.PPTD.4"",""TEKS.ELA.ABJ.NI.3"",""TEKS.ELA.ABJ.LT.4"",""TEKS.ELA.P.P.3"",""TEKS.ELA.AJYNLM.PC.3"",""TEKS.ELA.AJYNLM.PP.4""]",[]
AP / AB Calculus Test - Sample Questions 1 & 2,,https://www.youtube.com/embed/fa_t1Soe0y0,Media/Video,en,https://images-staging.opened.com/pictures/1890966/image20170920-4-1h41yuh.jpg?1505872973,0-12,"{""flesch-kincaid"":null,""lexile"":null}","",patrickJMT,,268.0,,{},3.0,0.0,"{""title"":""https://www.opened.io/resources/1890966"",""launch_url"":""https://www.opened.io/resources/1890966"",""description"":"""",""extension"":"""",""secure_launch_url"":"""",""icon"":"""",""secure_icon"":"""",""vendor"":{""code"":""NULL"",""name"":""OpenEd""},""cartridge_icon"":{""name"":""NULL"",""resourceUri"":""NULL""},""cartridge_bundle"":{""name"":""NULL"",""resourceUri"":""NULL""}}",[],[],"[""fullMouseControl""]",[],[],"[""auditory"",""color"",""textOnImage"",""visual""]","[""TEKS.Math.K-5.MPS.1"",""TEKS.Math.K.NO.2"",""TEKS.Math.1.NO.2"",""TEKS.Math.2.NO.2"",""TEKS.Math.3.NO.2"",""TEKS.Math.4.NO.2"",""TEKS.Math.5.NO.2"",""TEKS.Math.6-8.MPS.1"",""TEKS.Math.6.NO.2"",""TEKS.Math.7.NO.2"",""TEKS.Math.8.NO.2"",""TEKS.Math.P.MPS.1"",""TEKS.Math.P.F.2"",""TEKS.Math.MMWA.MPS.1"",""TEKS.Math.MMWA.MMPF.2"",""TEKS.Math.ISM.MPS.1"",""TEKS.ELA.K.RS.1"",""TEKS.ELA.1.RS.1"",""TEKS.ELA.K-1.RS.1"",""TEKS.ELA.2.RS.1"",""TEKS.ELA.3.RS.1"",""TEKS.ELA.4-5.RF.1"",""TEKS.ELA.K.RS.2"",""TEKS.ELA.1.RS.2"",""TEKS.ELA.2.RS.2"",""TEKS.ELA.3.SR.2"",""TEKS.ELA.4-5.RV.2"",""TEKS.ELA.4.RV.2"",""TEKS.ELA.5.RV.2"",""TEKS.ELA.6-8.RF.1"",""TEKS.ELA.6-8.RV.2"",""TEKS.ELA.6.RV.2"",""TEKS.ELA.7.RV.2"",""TEKS.ELA.8.RV.2"",""TEKS.ELA.E1.RV.1"",""TEKS.ELA.E1.CL.2"",""TEKS.ELA.E2.RV.1"",""TEKS.ELA.E2.CL.2"",""TEKS.ELA.E3.RV.1"",""TEKS.ELA.E3.CL.2"",""TEKS.ELA.E4.RV.1"",""TEKS.ELA.E4.CL.2"",""TEKS.ELA.ISE.ITR.1"",""TEKS.ELA.ISE.WTVR.2"",""TEKS.ELA.R.WR.1"",""TEKS.ELA.R.EV.2"",""TEKS.ELA.CRSS.RW.1"",""TEKS.ELA.CRSS.EV.2"",""TEKS.ELA.VMAP.RIVR.1"",""TEKS.ELA.VMAP.AC.2"",""TEKS.ELA.CM.HE.1"",""TEKS.ELA.CM.TF.2"",""TEKS.ELA.LG.EV.1"",""TEKS.ELA.LG.AFP.2"",""TEKS.ELA.CW.VA.1"",""TEKS.ELA.CW.RW.2"",""TEKS.ELA.RTW.WVPA.1"",""TEKS.ELA.RTW.RW.2"",""TEKS.ELA.PWS.CM.1"",""TEKS.ELA.PWS.RW.2"",""TEKS.ELA.H.LAF.1"",""TEKS.ELA.H.SR.2"",""TEKS.ELA.PS.PSR.1"",""TEKS.ELA.PS.SF.2"",""TEKS.ELA.CA.CP.1"",""TEKS.ELA.CA.I.2"",""TEKS.ELA.OI.DT.1"",""TEKS.ELA.OI.S.2"",""TEKS.ELA.D.RS.1"",""TEKS.ELA.D.AI.2"",""TEKS.ELA.ISS.P.1"",""TEKS.ELA.ISS.R.2"",""TEKS.ELA.J.MD.1"",""TEKS.ELA.J.UM.2"",""TEKS.ELA.ISJ.JS.1"",""TEKS.ELA.ISJ.VR.2"",""TEKS.ELA.ABJ.UBM.1"",""TEKS.ELA.ABJ.BP.2"",""TEKS.ELA.P.IC.1"",""TEKS.ELA.P.VR.2"",""TEKS.ELA.AJYNLM.SR.1"",""TEKS.ELA.AJYNLM.JE.2""]",[]
Solving Quadratic Inequalities - More Examples,,https://www.youtube.com/embed/on8YlJ9aDTk,Media/Video,en,https://images-staging.opened.com/pictures/1890967/image20170920-4-jjgbnf.jpg?1505873342,,"{""flesch-kincaid"":null,""lexile"":null}","",patrickJMT,,782.0,,{},3.0,0.0,"{""title"":""https://www.opened.io/resources/1890967"",""launch_url"":""https://www.opened.io/resources/1890967"",""description"":"""",""extension"":"""",""secure_launch_url"":"""",""icon"":"""",""secure_icon"":"""",""vendor"":{""code"":""NULL"",""name"":""OpenEd""},""cartridge_icon"":{""name"":""NULL"",""resourceUri"":""NULL""},""cartridge_bundle"":{""name"":""NULL"",""resourceUri"":""NULL""}}",[],[],"[""fullMouseControl""]",[],[],"[""auditory"",""color"",""textOnImage"",""visual""]",[],[]
Solving Linear Equations,,https://www.youtube.com/embed/ldYGiXSHa_Q,Media/Video,en,https://images-staging.opened.com/pictures/1890968/image20170920-4-1b0c6tp.jpg?1505873510,2-2,"{""flesch-kincaid"":null,""lexile"":null}","",patrickJMT,,780.0,,{},3.0,0.0,"{""title"":""https://www.opened.io/resources/1890968"",""launch_url"":""https://www.opened.io/resources/1890968"",""description"":"""",""extension"":"""",""secure_launch_url"":"""",""icon"":"""",""secure_icon"":"""",""vendor"":{""code"":""NULL"",""name"":""OpenEd""},""cartridge_icon"":{""name"":""NULL"",""resourceUri"":""NULL""},""cartridge_bundle"":{""name"":""NULL"",""resourceUri"":""NULL""}}",[],[],"[""fullMouseControl""]",[],[],"[""auditory"",""color"",""textOnImage"",""visual""]","[""31645878-12a7-11e8-9f72-0242ac120005""]",[]
Factoring a Number,,https://www.youtube.com/embed/qhGCw5v6-P0,Media/Video,en,https://images-staging.opened.com/pictures/1890969/image20170920-4-93dfl0.jpg?1505873637,,"{""flesch-kincaid"":null,""lexile"":null}","",patrickJMT,,640.0,,{},3.0,0.0,"{""title"":""https://www.opened.io/resources/1890969"",""launch_url"":""https://www.opened.io/resources/1890969"",""description"":"""",""extension"":"""",""secure_launch_url"":"""",""icon"":"""",""secure_icon"":"""",""vendor"":{""code"":""NULL"",""name"":""OpenEd""},""cartridge_icon"":{""name"":""NULL"",""resourceUri"":""NULL""},""cartridge_bundle"":{""name"":""NULL"",""resourceUri"":""NULL""}}",[],[],"[""fullMouseControl""]",[],[],"[""auditory"",""color"",""textOnImage"",""visual""]",[],[]
Cut Something In Half or In Two?,,https://www.youtube.com/embed/SueXO3sjAMU,Media/Video,en,https://images-staging.opened.com/pictures/1890970/image20170920-4-1cm73fg.jpg?1505873766,,"{""flesch-kincaid"":null,""lexile"":null}","",patrickJMT,,41.0,,{},3.0,0.0,"{""title"":""https://www.opened.io/resources/1890970"",""launch_url"":""https://www.opened.io/resources/1890970"",""description"":"""",""extension"":"""",""secure_launch_url"":"""",""icon"":"""",""secure_icon"":"""",""vendor"":{""code"":""NULL"",""name"":""OpenEd""},""cartridge_icon"":{""name"":""NULL"",""resourceUri"":""NULL""},""cartridge_bundle"":{""name"":""NULL"",""resourceUri"":""NULL""}}",[],[],"[""fullMouseControl""]",[],[],"[""auditory"",""color"",""textOnImage"",""visual""]",[],[]
Linear Programming,,https://www.youtube.com/embed/M4K6HYLHREQ,Media/Video,en,https://images-staging.opened.com/pictures/1890971/image20170920-4-f57r8n.jpg?1505874152,,"{""flesch-kincaid"":null,""lexile"":null}","",patrickJMT,,671.0,,{},3.0,0.0,"{""title"":""https://www.opened.io/resources/1890971"",""launch_url"":""https://www.opened.io/resources/1890971"",""description"":"""",""extension"":"""",""secure_launch_url"":"""",""icon"":"""",""secure_icon"":"""",""vendor"":{""code"":""NULL"",""name"":""OpenEd""},""cartridge_icon"":{""name"":""NULL"",""resourceUri"":""NULL""},""cartridge_bundle"":{""name"":""NULL"",""resourceUri"":""NULL""}}",[],[],"[""fullMouseControl""]",[],[],"[""auditory"",""color"",""textOnImage"",""visual""]",[],[]
Groups - Showing G is a group - Part 2,,https://www.youtube.com/embed/9a_u-hyugNQ,Media/Video,en,https://images-staging.opened.com/pictures/1890972/image20170920-4-1nbbl1e.jpg?1505874450,0-12,"{""flesch-kincaid"":null,""lexile"":null}","",patrickJMT,,164.0,,{},3.0,0.0,"{""title"":""https://www.opened.io/resources/1890972"",""launch_url"":""https://www.opened.io/resources/1890972"",""description"":"""",""extension"":"""",""secure_launch_url"":"""",""icon"":"""",""secure_icon"":"""",""vendor"":{""code"":""NULL"",""name"":""OpenEd""},""cartridge_icon"":{""name"":""NULL"",""resourceUri"":""NULL""},""cartridge_bundle"":{""name"":""NULL"",""resourceUri"":""NULL""}}",[],[],"[""fullMouseControl""]",[],[],"[""auditory"",""color"",""textOnImage"",""visual""]","[""TEKS.Math.K.NO.2"",""TEKS.Math.1.NO.2"",""TEKS.Math.2.NO.2"",""TEKS.Math.3.NO.2"",""TEKS.Math.4.NO.2"",""TEKS.Math.5.NO.2"",""TEKS.Math.6.NO.2"",""TEKS.Math.7.NO.2"",""TEKS.Math.8.NO.2"",""TEKS.Math.P.F.2"",""TEKS.Math.MMWA.MMPF.2"",""TEKS.ELA.K.RS.2"",""TEKS.ELA.1.RS.2"",""TEKS.ELA.2.RS.2"",""TEKS.ELA.3.SR.2"",""TEKS.ELA.4-5.RV.2"",""TEKS.ELA.4.RV.2"",""TEKS.ELA.5.RV.2"",""TEKS.ELA.6-8.RV.2"",""TEKS.ELA.6.RV.2"",""TEKS.ELA.7.RV.2"",""TEKS.ELA.8.RV.2"",""TEKS.ELA.E1.CL.2"",""TEKS.ELA.E2.CL.2"",""TEKS.ELA.E3.CL.2"",""TEKS.ELA.E4.CL.2"",""TEKS.ELA.ISE.WTVR.2"",""TEKS.ELA.R.EV.2"",""TEKS.ELA.CRSS.EV.2"",""TEKS.ELA.VMAP.AC.2"",""TEKS.ELA.CM.TF.2"",""TEKS.ELA.LG.AFP.2"",""TEKS.ELA.CW.RW.2"",""TEKS.ELA.RTW.RW.2"",""TEKS.ELA.PWS.RW.2"",""TEKS.ELA.H.SR.2"",""TEKS.ELA.PS.SF.2"",""TEKS.ELA.CA.I.2"",""TEKS.ELA.OI.S.2"",""TEKS.ELA.D.AI.2"",""TEKS.ELA.ISS.R.2"",""TEKS.ELA.J.UM.2"",""TEKS.ELA.ISJ.VR.2"",""TEKS.ELA.ABJ.BP.2"",""TEKS.ELA.P.VR.2"",""TEKS.ELA.AJYNLM.JE.2""]",[]
Groups - Showing G is a group - Part 1,,https://www.youtube.com/embed/JGc_lSq1xSI,Media/Video,en,https://images-staging.opened.com/pictures/1890973/image20170920-4-n16zjs.jpg?1505874483,0-12,"{""flesch-kincaid"":null,""lexile"":null}","",patrickJMT,,335.0,,{},3.0,0.0,"{""title"":""https://www.opened.io/resources/1890973"",""launch_url"":""https://www.opened.io/resources/1890973"",""description"":"""",""extension"":"""",""secure_launch_url"":"""",""icon"":"""",""secure_icon"":"""",""vendor"":{""code"":""NULL"",""name"":""OpenEd""},""cartridge_icon"":{""name"":""NULL"",""resourceUri"":""NULL""},""cartridge_bundle"":{""name"":""NULL"",""resourceUri"":""NULL""}}",[],[],"[""fullMouseControl""]",[],[],"[""auditory"",""color"",""textOnImage"",""visual""]","[""TEKS.Math.K-5.MPS.1"",""TEKS.Math.6-8.MPS.1"",""TEKS.Math.P.MPS.1"",""TEKS.Math.MMWA.MPS.1"",""TEKS.Math.ISM.MPS.1"",""TEKS.ELA.K.RS.1"",""TEKS.ELA.1.RS.1"",""TEKS.ELA.K-1.RS.1"",""TEKS.ELA.2.RS.1"",""TEKS.ELA.3.RS.1"",""TEKS.ELA.4-5.RF.1"",""TEKS.ELA.6-8.RF.1"",""TEKS.ELA.E1.RV.1"",""TEKS.ELA.E2.RV.1"",""TEKS.ELA.E3.RV.1"",""TEKS.ELA.E4.RV.1"",""TEKS.ELA.ISE.ITR.1"",""TEKS.ELA.R.WR.1"",""TEKS.ELA.CRSS.RW.1"",""TEKS.ELA.VMAP.RIVR.1"",""TEKS.ELA.CM.HE.1"",""TEKS.ELA.LG.EV.1"",""TEKS.ELA.CW.VA.1"",""TEKS.ELA.RTW.WVPA.1"",""TEKS.ELA.PWS.CM.1"",""TEKS.ELA.H.LAF.1"",""TEKS.ELA.PS.PSR.1"",""TEKS.ELA.CA.CP.1"",""TEKS.ELA.OI.DT.1"",""TEKS.ELA.D.RS.1"",""TEKS.ELA.ISS.P.1"",""TEKS.ELA.J.MD.1"",""TEKS.ELA.ISJ.JS.1"",""TEKS.ELA.ABJ.UBM.1"",""TEKS.ELA.P.IC.1"",""TEKS.ELA.AJYNLM.SR.1""]",[]
SAT Math Question #8,,https://www.youtube.com/embed/FLW0Uu4HYic,Media/Video,en,https://images-staging.opened.com/pictures/1890974/image20170920-4-4ysohn.jpg?1505874873,,"{""flesch-kincaid"":null,""lexile"":null}","",patrickJMT,,132.0,,{},3.0,0.0,"{""title"":""https://www.opened.io/resources/1890974"",""launch_url"":""https://www.opened.io/resources/1890974"",""description"":"""",""extension"":"""",""secure_launch_url"":"""",""icon"":"""",""secure_icon"":"""",""vendor"":{""code"":""NULL"",""name"":""OpenEd""},""cartridge_icon"":{""name"":""NULL"",""resourceUri"":""NULL""},""cartridge_bundle"":{""name"":""NULL"",""resourceUri"":""NULL""}}",[],[],"[""fullMouseControl""]",[],[],"[""auditory"",""color"",""textOnImage"",""visual""]",[],[]
SAT Math Question #7,,https://www.youtube.com/embed/Y3uu3Hsk4QU,Media/Video,en,https://images-staging.opened.com/pictures/1890975/image20170920-4-3o40tt.jpg?1505874897,2-2,"{""flesch-kincaid"":null,""lexile"":null}","",patrickJMT,,71.0,,{},3.0,0.0,"{""title"":""https://www.opened.io/resources/1890975"",""launch_url"":""https://www.opened.io/resources/1890975"",""description"":"""",""extension"":"""",""secure_launch_url"":"""",""icon"":"""",""secure_icon"":"""",""vendor"":{""code"":""NULL"",""name"":""OpenEd""},""cartridge_icon"":{""name"":""NULL"",""resourceUri"":""NULL""},""cartridge_bundle"":{""name"":""NULL"",""resourceUri"":""NULL""}}",[],[],"[""fullMouseControl""]",[],[],"[""auditory"",""color"",""textOnImage"",""visual""]","[""316536d0-12a7-11e8-afd8-0242ac120005""]",[]
SAT Math Question #6,,https://www.youtube.com/embed/MGLJxfVqXYI,Media/Video,en,https://images-staging.opened.com/pictures/1890976/image20170920-4-1ly3d35.jpg?1505874925,,"{""flesch-kincaid"":null,""lexile"":null}","",patrickJMT,,225.0,,{},3.0,0.0,"{""title"":""https://www.opened.io/resources/1890976"",""launch_url"":""https://www.opened.io/resources/1890976"",""description"":"""",""extension"":"""",""secure_launch_url"":"""",""icon"":"""",""secure_icon"":"""",""vendor"":{""code"":""NULL"",""name"":""OpenEd""},""cartridge_icon"":{""name"":""NULL"",""resourceUri"":""NULL""},""cartridge_bundle"":{""name"":""NULL"",""resourceUri"":""NULL""}}",[],[],"[""fullMouseControl""]",[],[],"[""auditory"",""color"",""textOnImage"",""visual""]",[],[]
SAT Math Question #5,,https://www.youtube.com/embed/6P3HIXKjsKU,Media/Video,en,https://images-staging.opened.com/pictures/1890977/image20170920-4-brlp0x.jpg?1505874949,,"{""flesch-kincaid"":null,""lexile"":null}","",patrickJMT,,103.0,,{},3.0,0.0,"{""title"":""https://www.opened.io/resources/1890977"",""launch_url"":""https://www.opened.io/resources/1890977"",""description"":"""",""extension"":"""",""secure_launch_url"":"""",""icon"":"""",""secure_icon"":"""",""vendor"":{""code"":""NULL"",""name"":""OpenEd""},""cartridge_icon"":{""name"":""NULL"",""resourceUri"":""NULL""},""cartridge_bundle"":{""name"":""NULL"",""resourceUri"":""NULL""}}",[],[],"[""fullMouseControl""]",[],[],"[""auditory"",""color"",""textOnImage"",""visual""]",[],[]
SAT Math Question #4,,https://www.youtube.com/embed/-NjMiHFV-yQ,Media/Video,en,https://images-staging.opened.com/pictures/1890978/image20170920-4-1627qyf.jpg?1505874977,,"{""flesch-kincaid"":null,""lexile"":null}","",patrickJMT,,136.0,,{},3.0,0.0,"{""title"":""https://www.opened.io/resources/1890978"",""launch_url"":""https://www.opened.io/resources/1890978"",""description"":"""",""extension"":"""",""secure_launch_url"":"""",""icon"":"""",""secure_icon"":"""",""vendor"":{""code"":""NULL"",""name"":""OpenEd""},""cartridge_icon"":{""name"":""NULL"",""resourceUri"":""NULL""},""cartridge_bundle"":{""name"":""NULL"",""resourceUri"":""NULL""}}",[],[],"[""fullMouseControl""]",[],[],"[""auditory"",""color"",""textOnImage"",""visual""]",[],[]
Related Rates #5 Involving Baseball!,,https://www.youtube.com/embed/jHBqcKW4Xk0,Media/Video,en,https://images-staging.opened.com/pictures/1890979/image20170920-4-r1bz5t.jpg?1505875002,,"{""flesch-kincaid"":null,""lexile"":null}","",patrickJMT,,209.0,,{},3.0,0.0,"{""title"":""https://www.opened.io/resources/1890979"",""launch_url"":""https://www.opened.io/resources/1890979"",""description"":"""",""extension"":"""",""secure_launch_url"":"""",""icon"":"""",""secure_icon"":"""",""vendor"":{""code"":""NULL"",""name"":""OpenEd""},""cartridge_icon"":{""name"":""NULL"",""resourceUri"":""NULL""},""cartridge_bundle"":{""name"":""NULL"",""resourceUri"":""NULL""}}",[],[],"[""fullMouseControl""]",[],[],"[""auditory"",""color"",""textOnImage"",""visual""]",[],[]
Using the Quadratic Formula,,https://www.youtube.com/embed/EeVqtpuMFOU,Media/Video,en,https://images-staging.opened.com/pictures/1890980/image20170920-4-1v1qxcq.jpg?1505875325,,"{""flesch-kincaid"":null,""lexile"":null}","",patrickJMT,,382.0,,{},3.0,0.0,"{""title"":""https://www.opened.io/resources/1890980"",""launch_url"":""https://www.opened.io/resources/1890980"",""description"":"""",""extension"":"""",""secure_launch_url"":"""",""icon"":"""",""secure_icon"":"""",""vendor"":{""code"":""NULL"",""name"":""OpenEd""},""cartridge_icon"":{""name"":""NULL"",""resourceUri"":""NULL""},""cartridge_bundle"":{""name"":""NULL"",""resourceUri"":""NULL""}}",[],[],"[""fullMouseControl""]",[],[],"[""auditory"",""color"",""textOnImage"",""visual""]",[],[]
❖ First Order Linear Differential Equations ❖,,https://www.youtube.com/embed/Et4Y41ZNyao,Media/Video,en,https://images-staging.opened.com/pictures/1890981/image20170920-4-1gysn5t.jpg?1505875425,,"{""flesch-kincaid"":null,""lexile"":null}","",patrickJMT,,349.0,,{},3.0,0.0,"{""title"":""https://www.opened.io/resources/1890981"",""launch_url"":""https://www.opened.io/resources/1890981"",""description"":"""",""extension"":"""",""secure_launch_url"":"""",""icon"":"""",""secure_icon"":"""",""vendor"":{""code"":""NULL"",""name"":""OpenEd""},""cartridge_icon"":{""name"":""NULL"",""resourceUri"":""NULL""},""cartridge_bundle"":{""name"":""NULL"",""resourceUri"":""NULL""}}",[],[],"[""fullMouseControl""]",[],[],"[""auditory"",""color"",""textOnImage"",""visual""]",[],[]
Arc Length,,https://www.youtube.com/embed/PwmCZAWeRNE,Media/Video,en,https://images-staging.opened.com/pictures/1890982/image20170920-4-1rdnpa0.jpg?1505875911,,"{""flesch-kincaid"":null,""lexile"":null}","",patrickJMT,,601.0,,{},3.0,0.0,"{""title"":""https://www.opened.io/resources/1890982"",""launch_url"":""https://www.opened.io/resources/1890982"",""description"":"""",""extension"":"""",""secure_launch_url"":"""",""icon"":"""",""secure_icon"":"""",""vendor"":{""code"":""NULL"",""name"":""OpenEd""},""cartridge_icon"":{""name"":""NULL"",""resourceUri"":""NULL""},""cartridge_bundle"":{""name"":""NULL"",""resourceUri"":""NULL""}}",[],[],"[""fullMouseControl""]",[],[],"[""auditory"",""color"",""textOnImage"",""visual""]",[],[]
SAT MATH - Part 3,,https://www.youtube.com/embed/HmH0NL4ywTs,Media/Video,en,https://images-staging.opened.com/pictures/1890983/image20170920-4-rz7kn4.jpg?1505876705,0-12,"{""flesch-kincaid"":null,""lexile"":null}","",patrickJMT,,587.0,,{},3.0,0.0,"{""title"":""https://www.opened.io/resources/1890983"",""launch_url"":""https://www.opened.io/resources/1890983"",""description"":"""",""extension"":"""",""secure_launch_url"":"""",""icon"":"""",""secure_icon"":"""",""vendor"":{""code"":""NULL"",""name"":""OpenEd""},""cartridge_icon"":{""name"":""NULL"",""resourceUri"":""NULL""},""cartridge_bundle"":{""name"":""NULL"",""resourceUri"":""NULL""}}",[],[],"[""fullMouseControl""]",[],[],"[""auditory"",""color"",""textOnImage"",""visual""]","[""TEKS.Math.K.NO.3"",""TEKS.Math.1.NO.3"",""TEKS.Math.2.NO.3"",""TEKS.Math.3.NO.3"",""TEKS.Math.4.NO.3"",""TEKS.Math.5.NO.3"",""TEKS.Math.6.NO.3"",""TEKS.Math.7.NO.3"",""TEKS.Math.8.P.3"",""TEKS.Math.P.RGR.3"",""TEKS.Math.MMWA.MMPF.3"",""TEKS.ELA.K.RS.3"",""TEKS.ELA.1.RS.3"",""TEKS.ELA.2.SR.3"",""TEKS.ELA.3.RF.3"",""TEKS.ELA.4.CL.3"",""TEKS.ELA.5.CL.3"",""TEKS.ELA.6.CL.3"",""TEKS.ELA.7.CL.3"",""TEKS.ELA.8.CLT.3"",""TEKS.ELA.E1.CL.3"",""TEKS.ELA.E2.CL.3"",""TEKS.ELA.E3.CL.3"",""TEKS.ELA.E4.CL.3"",""TEKS.ELA.R.RVP.3"",""TEKS.ELA.CRSS.CT.3"",""TEKS.ELA.VMAP.PVR.3"",""TEKS.ELA.CM.IA.3"",""TEKS.ELA.LG.RC.3"",""TEKS.ELA.CW.UM.3"",""TEKS.ELA.RTW.WI.3"",""TEKS.ELA.PWS.RVA.3"",""TEKS.ELA.H.LR.3"",""TEKS.ELA.PS.I.3"",""TEKS.ELA.CA.C.3"",""TEKS.ELA.OI.RR.3"",""TEKS.ELA.D.PV.3"",""TEKS.ELA.ISS.P.3"",""TEKS.ELA.J.RA.3"",""TEKS.ELA.ABJ.NI.3"",""TEKS.ELA.P.P.3"",""TEKS.ELA.AJYNLM.PC.3""]",[]
SAT Math - Part 2,,https://www.youtube.com/embed/wQBtda91Vgw,Media/Video,en,https://images-staging.opened.com/pictures/1890984/image20170920-4-gl67gh.jpg?1505876739,0-12,"{""flesch-kincaid"":null,""lexile"":null}","",patrickJMT,,550.0,,{},3.0,0.0,"{""title"":""https://www.opened.io/resources/1890984"",""launch_url"":""https://www.opened.io/resources/1890984"",""description"":"""",""extension"":"""",""secure_launch_url"":"""",""icon"":"""",""secure_icon"":"""",""vendor"":{""code"":""NULL"",""name"":""OpenEd""},""cartridge_icon"":{""name"":""NULL"",""resourceUri"":""NULL""},""cartridge_bundle"":{""name"":""NULL"",""resourceUri"":""NULL""}}",[],[],"[""fullMouseControl""]",[],[],"[""auditory"",""color"",""textOnImage"",""visual""]","[""TEKS.Math.K.NO.2"",""TEKS.Math.1.NO.2"",""TEKS.Math.2.NO.2"",""TEKS.Math.3.NO.2"",""TEKS.Math.4.NO.2"",""TEKS.Math.5.NO.2"",""TEKS.Math.6.NO.2"",""TEKS.Math.7.NO.2"",""TEKS.Math.8.NO.2"",""TEKS.Math.P.F.2"",""TEKS.Math.MMWA.MMPF.2"",""TEKS.ELA.K.RS.2"",""TEKS.ELA.1.RS.2"",""TEKS.ELA.2.RS.2"",""TEKS.ELA.3.SR.2"",""TEKS.ELA.4-5.RV.2"",""TEKS.ELA.4.RV.2"",""TEKS.ELA.5.RV.2"",""TEKS.ELA.6-8.RV.2"",""TEKS.ELA.6.RV.2"",""TEKS.ELA.7.RV.2"",""TEKS.ELA.8.RV.2"",""TEKS.ELA.E1.CL.2"",""TEKS.ELA.E2.CL.2"",""TEKS.ELA.E3.CL.2"",""TEKS.ELA.E4.CL.2"",""TEKS.ELA.ISE.WTVR.2"",""TEKS.ELA.R.EV.2"",""TEKS.ELA.CRSS.EV.2"",""TEKS.ELA.VMAP.AC.2"",""TEKS.ELA.CM.TF.2"",""TEKS.ELA.LG.AFP.2"",""TEKS.ELA.CW.RW.2"",""TEKS.ELA.RTW.RW.2"",""TEKS.ELA.PWS.RW.2"",""TEKS.ELA.H.SR.2"",""TEKS.ELA.PS.SF.2"",""TEKS.ELA.CA.I.2"",""TEKS.ELA.OI.S.2"",""TEKS.ELA.D.AI.2"",""TEKS.ELA.ISS.R.2"",""TEKS.ELA.J.UM.2"",""TEKS.ELA.ISJ.VR.2"",""TEKS.ELA.ABJ.BP.2"",""TEKS.ELA.P.VR.2"",""TEKS.ELA.AJYNLM.JE.2""]",[]
SAT Math - Part 1,,https://www.youtube.com/embed/ZZJfpdtThb8,Media/Video,en,https://images-staging.opened.com/pictures/1890985/image20170920-4-125wek9.jpg?1505876771,0-12,"{""flesch-kincaid"":null,""lexile"":null}","",patrickJMT,,508.0,,{},3.0,0.0,"{""title"":""https://www.opened.io/resources/1890985"",""launch_url"":""https://www.opened.io/resources/1890985"",""description"":"""",""extension"":"""",""secure_launch_url"":"""",""icon"":"""",""secure_icon"":"""",""vendor"":{""code"":""NULL"",""name"":""OpenEd""},""cartridge_icon"":{""name"":""NULL"",""resourceUri"":""NULL""},""cartridge_bundle"":{""name"":""NULL"",""resourceUri"":""NULL""}}",[],[],"[""fullMouseControl""]",[],[],"[""auditory"",""color"",""textOnImage"",""visual""]","[""TEKS.Math.K-5.MPS.1"",""TEKS.Math.6-8.MPS.1"",""TEKS.Math.P.MPS.1"",""TEKS.Math.MMWA.MPS.1"",""TEKS.Math.ISM.MPS.1"",""TEKS.ELA.K.RS.1"",""TEKS.ELA.1.RS.1"",""TEKS.ELA.K-1.RS.1"",""TEKS.ELA.2.RS.1"",""TEKS.ELA.3.RS.1"",""TEKS.ELA.4-5.RF.1"",""TEKS.ELA.6-8.RF.1"",""TEKS.ELA.E1.RV.1"",""TEKS.ELA.E2.RV.1"",""TEKS.ELA.E3.RV.1"",""TEKS.ELA.E4.RV.1"",""TEKS.ELA.ISE.ITR.1"",""TEKS.ELA.R.WR.1"",""TEKS.ELA.CRSS.RW.1"",""TEKS.ELA.VMAP.RIVR.1"",""TEKS.ELA.CM.HE.1"",""TEKS.ELA.LG.EV.1"",""TEKS.ELA.CW.VA.1"",""TEKS.ELA.RTW.WVPA.1"",""TEKS.ELA.PWS.CM.1"",""TEKS.ELA.H.LAF.1"",""TEKS.ELA.PS.PSR.1"",""TEKS.ELA.CA.CP.1"",""TEKS.ELA.OI.DT.1"",""TEKS.ELA.D.RS.1"",""TEKS.ELA.ISS.P.1"",""TEKS.ELA.J.MD.1"",""TEKS.ELA.ISJ.JS.1"",""TEKS.ELA.ABJ.UBM.1"",""TEKS.ELA.P.IC.1"",""TEKS.ELA.AJYNLM.SR.1"",""316536d0-12a7-11e8-afd8-0242ac120005""]","[""Mathematics""]"
❖ Improper Integral - Basic Idea and Example ❖,,https://www.youtube.com/embed/85-HNJyuyrU,Media/Video,en,https://images-staging.opened.com/pictures/1890986/image20170920-4-5wmvs8.jpg?1505877075,,"{""flesch-kincaid"":null,""lexile"":null}","",patrickJMT,,383.0,,{},3.0,0.0,"{""title"":""https://www.opened.io/resources/1890986"",""launch_url"":""https://www.opened.io/resources/1890986"",""description"":"""",""extension"":"""",""secure_launch_url"":"""",""icon"":"""",""secure_icon"":"""",""vendor"":{""code"":""NULL"",""name"":""OpenEd""},""cartridge_icon"":{""name"":""NULL"",""resourceUri"":""NULL""},""cartridge_bundle"":{""name"":""NULL"",""resourceUri"":""NULL""}}",[],[],"[""fullMouseControl""]",[],[],"[""auditory"",""color"",""textOnImage"",""visual""]",[],[]
L'Hospital's Rule - Indeterminate Differences,,https://www.youtube.com/embed/iKu4SGIeVjg,Media/Video,en,https://images-staging.opened.com/pictures/1890987/image20170920-4-1j93upd.jpg?1505877613,,"{""flesch-kincaid"":null,""lexile"":null}","",patrickJMT,,425.0,,{},3.0,0.0,"{""title"":""https://www.opened.io/resources/1890987"",""launch_url"":""https://www.opened.io/resources/1890987"",""description"":"""",""extension"":"""",""secure_launch_url"":"""",""icon"":"""",""secure_icon"":"""",""vendor"":{""code"":""NULL"",""name"":""OpenEd""},""cartridge_icon"":{""name"":""NULL"",""resourceUri"":""NULL""},""cartridge_bundle"":{""name"":""NULL"",""resourceUri"":""NULL""}}",[],[],"[""fullMouseControl""]",[],[],"[""auditory"",""color"",""textOnImage"",""visual""]",[],[]
L'Hospital's Rule - Indeterminate Products,,https://www.youtube.com/embed/9DI4Rlzrae8,Media/Video,en,https://images-staging.opened.com/pictures/1890988/image20170920-4-m1e306.jpg?1505877639,,"{""flesch-kincaid"":null,""lexile"":null}","",patrickJMT,,345.0,,{},3.0,0.0,"{""title"":""https://www.opened.io/resources/1890988"",""launch_url"":""https://www.opened.io/resources/1890988"",""description"":"""",""extension"":"""",""secure_launch_url"":"""",""icon"":"""",""secure_icon"":"""",""vendor"":{""code"":""NULL"",""name"":""OpenEd""},""cartridge_icon"":{""name"":""NULL"",""resourceUri"":""NULL""},""cartridge_bundle"":{""name"":""NULL"",""resourceUri"":""NULL""}}",[],[],"[""fullMouseControl""]",[],[],"[""auditory"",""color"",""textOnImage"",""visual""]",[],[]
❖ LaGrange Multipliers - Finding Maximum or Minimum Values ❖,,https://www.youtube.com/embed/ry9cgNx1QV8,Media/Video,en,https://images-staging.opened.com/pictures/1890989/image20170920-4-1gv7u49.jpg?1505877870,,"{""flesch-kincaid"":null,""lexile"":null}","",patrickJMT,,597.0,,{},3.0,0.0,"{""title"":""https://www.opened.io/resources/1890989"",""launch_url"":""https://www.opened.io/resources/1890989"",""description"":"""",""extension"":"""",""secure_launch_url"":"""",""icon"":"""",""secure_icon"":"""",""vendor"":{""code"":""NULL"",""name"":""OpenEd""},""cartridge_icon"":{""name"":""NULL"",""resourceUri"":""NULL""},""cartridge_bundle"":{""name"":""NULL"",""resourceUri"":""NULL""}}",[],[],"[""fullMouseControl""]",[],[],"[""auditory"",""color"",""textOnImage"",""visual""]",[],[]
Finding the Least Common Multiple!!,,https://www.youtube.com/embed/drZopvFRa7s,Media/Video,en,https://images-staging.opened.com/pictures/1890990/image20170920-4-h26z5r.jpg?1505878370,,"{""flesch-kincaid"":null,""lexile"":null}","",patrickJMT,,560.0,,{},3.0,0.0,"{""title"":""https://www.opened.io/resources/1890990"",""launch_url"":""https://www.opened.io/resources/1890990"",""description"":"""",""extension"":"""",""secure_launch_url"":"""",""icon"":"""",""secure_icon"":"""",""vendor"":{""code"":""NULL"",""name"":""OpenEd""},""cartridge_icon"":{""name"":""NULL"",""resourceUri"":""NULL""},""cartridge_bundle"":{""name"":""NULL"",""resourceUri"":""NULL""}}",[],[],"[""fullMouseControl""]",[],[],"[""auditory"",""color"",""textOnImage"",""visual""]",[],[]
❖ Basic Integration Problems,,https://www.youtube.com/embed/aw_VM_ZDeIo,Media/Video,en,https://images-staging.opened.com/pictures/1890991/image20170920-4-1mrwzkg.jpg?1505878577,,"{""flesch-kincaid"":null,""lexile"":null}","",patrickJMT,,601.0,,{},3.0,0.0,"{""title"":""https://www.opened.io/resources/1890991"",""launch_url"":""https://www.opened.io/resources/1890991"",""description"":"""",""extension"":"""",""secure_launch_url"":"""",""icon"":"""",""secure_icon"":"""",""vendor"":{""code"":""NULL"",""name"":""OpenEd""},""cartridge_icon"":{""name"":""NULL"",""resourceUri"":""NULL""},""cartridge_bundle"":{""name"":""NULL"",""resourceUri"":""NULL""}}",[],[],"[""fullMouseControl""]",[],[],"[""auditory"",""color"",""textOnImage"",""visual""]",[],[]
More Complicated Derivative Examples,,https://www.youtube.com/embed/lnTJ7bERPpI,Media/Video,en,https://images-staging.opened.com/pictures/1890992/image20170920-4-yttwe7.jpg?1505878618,,"{""flesch-kincaid"":null,""lexile"":null}","",patrickJMT,,556.0,,{},3.0,0.0,"{""title"":""https://www.opened.io/resources/1890992"",""launch_url"":""https://www.opened.io/resources/1890992"",""description"":"""",""extension"":"""",""secure_launch_url"":"""",""icon"":"""",""secure_icon"":"""",""vendor"":{""code"":""NULL"",""name"":""OpenEd""},""cartridge_icon"":{""name"":""NULL"",""resourceUri"":""NULL""},""cartridge_bundle"":{""name"":""NULL"",""resourceUri"":""NULL""}}",[],[],"[""fullMouseControl""]",[],[],"[""auditory"",""color"",""textOnImage"",""visual""]",[],[]
Four Basic Proof Techniques Used in Mathematics,,https://www.youtube.com/embed/V5tUc-J124s,Media/Video,en,https://images-staging.opened.com/pictures/1891007/image20171007-4-15esdxe.jpg?1507359032,,"{""flesch-kincaid"":null,""lexile"":null}","",patrickJMT,,1358.0,,{},3.0,0.0,"{""title"":""https://www.opened.io/resources/1891007"",""launch_url"":""https://www.opened.io/resources/1891007"",""description"":"""",""extension"":"""",""secure_launch_url"":"""",""icon"":"""",""secure_icon"":"""",""vendor"":{""code"":""NULL"",""name"":""OpenEd""},""cartridge_icon"":{""name"":""NULL"",""resourceUri"":""NULL""},""cartridge_bundle"":{""name"":""NULL"",""resourceUri"":""NULL""}}",[],[],"[""fullMouseControl""]",[],[],"[""auditory"",""color"",""textOnImage"",""visual""]",[],[]
Dijkstra's Algorithm : A Quick Intro on How it Works,,https://www.youtube.com/embed/eFZCPlZCyIM,Media/Video,en,https://images-staging.opened.com/pictures/1891009/image20171021-4-106rcee.jpg?1508568653,,"{""flesch-kincaid"":null,""lexile"":null}","",patrickJMT,,535.0,,{},3.0,0.0,"{""title"":""https://www.opened.io/resources/1891009"",""launch_url"":""https://www.opened.io/resources/1891009"",""description"":"""",""extension"":"""",""secure_launch_url"":"""",""icon"":"""",""secure_icon"":"""",""vendor"":{""code"":""NULL"",""name"":""OpenEd""},""cartridge_icon"":{""name"":""NULL"",""resourceUri"":""NULL""},""cartridge_bundle"":{""name"":""NULL"",""resourceUri"":""NULL""}}",[],[],"[""fullMouseControl""]",[],[],"[""auditory"",""color"",""textOnImage"",""visual""]",[],[]
Two Door Puzzle from 'The Labrinth' - Can You Solve It?!,,https://www.youtube.com/embed/6zEm1Y-Jvow,Media/Video,en,https://images-staging.opened.com/pictures/1891010/image20171028-4-1aem03a.jpg?1509173414,,"{""flesch-kincaid"":null,""lexile"":null}","",patrickJMT,,526.0,,{},3.0,0.0,"{""title"":""https://www.opened.io/resources/1891010"",""launch_url"":""https://www.opened.io/resources/1891010"",""description"":"""",""extension"":"""",""secure_launch_url"":"""",""icon"":"""",""secure_icon"":"""",""vendor"":{""code"":""NULL"",""name"":""OpenEd""},""cartridge_icon"":{""name"":""NULL"",""resourceUri"":""NULL""},""cartridge_bundle"":{""name"":""NULL"",""resourceUri"":""NULL""}}",[],[],"[""fullMouseControl""]",[],[],"[""auditory"",""color"",""textOnImage"",""visual""]",[],[]
Bobby Fischer CRUSHES Robatsch in a Miniature!,,https://www.youtube.com/embed/gNN1Q1YsR-o,Media/Video,en,https://images-staging.opened.com/pictures/1891011/image20171028-4-16jiml1.jpg?1509173419,2-2,"{""flesch-kincaid"":null,""lexile"":null}","",patrickJMT,,1248.0,,{},3.0,0.0,"{""title"":""https://www.opened.io/resources/1891011"",""launch_url"":""https://www.opened.io/resources/1891011"",""description"":"""",""extension"":"""",""secure_launch_url"":"""",""icon"":"""",""secure_icon"":"""",""vendor"":{""code"":""NULL"",""name"":""OpenEd""},""cartridge_icon"":{""name"":""NULL"",""resourceUri"":""NULL""},""cartridge_bundle"":{""name"":""NULL"",""resourceUri"":""NULL""}}",[],[],"[""fullMouseControl""]",[],[],"[""auditory"",""color"",""textOnImage"",""visual""]","[""31645878-12a7-11e8-9f72-0242ac120005""]",[]
it's a test video,"",https://www.youtube.com/embed/Q0CbN8sfihY,Media/Video,en,,1-1,"{""flesch-kincaid"":null,""lexile"":null}",Lucas Teacher,lucas teacher,,,,{},3.0,0.0,"{""title"":""https://www.opened.io/resources/1891565"",""launch_url"":""https://www.opened.io/resources/1891565"",""description"":"""",""extension"":"""",""secure_launch_url"":"""",""icon"":"""",""secure_icon"":"""",""vendor"":{""code"":""NULL"",""name"":""OpenEd""},""cartridge_icon"":{""name"":""NULL"",""resourceUri"":""NULL""},""cartridge_bundle"":{""name"":""NULL"",""resourceUri"":""NULL""}}",[],[],"[""fullMouseControl""]",[],[],"[""auditory"",""color"",""textOnImage"",""visual""]",[],[]
Interstellar,"<h1 class=""title style-scope ytd-video-primary-info-renderer"" style=""margin: 0px; padding: 0px; border: 0px; background-image: initial; background-position: initial; background-size: initial; background-repeat: initial; background-attachment: initial; background-origin: initial; background-clip: initial; max-height: 4.8rem; overflow: hidden; font-weight: 400; line-height: 2.4rem; color: var(--ytd-video-primary-info-renderer-title-color, var(--yt-primary-text-color)); font-family: Roboto, Arial, sans-serif; font-size: var(--ytd-video-primary-info-renderer-title-font-size, 1.8rem); transform: var(--ytd-video-primary-info-renderer-title-transform, none); text-shadow: var(--ytd-video-primary-info-renderer-title-text-shadow, none);"">Interstellar 2</h1>",https://www.youtube.com/embed/665ODhUiomE,Media/Video,en,https://images-staging.opened.com/pictures/1891566/image20171102-4-10otbol.jpg?1509643724,1-1,"{""flesch-kincaid"":null,""lexile"":null}",Lucas Teacher,FullSoundtrack,,5809.0,,{},3.0,0.0,"{""title"":""https://www.opened.io/resources/1891566"",""launch_url"":""https://www.opened.io/resources/1891566"",""description"":"""",""extension"":"""",""secure_launch_url"":"""",""icon"":"""",""secure_icon"":"""",""vendor"":{""code"":""NULL"",""name"":""OpenEd""},""cartridge_icon"":{""name"":""NULL"",""resourceUri"":""NULL""},""cartridge_bundle"":{""name"":""NULL"",""resourceUri"":""NULL""}}",[],[],"[""fullMouseControl""]",[],[],"[""auditory"",""color"",""textOnImage"",""visual""]","[""1.L.1"",""394485ac-cfc5-47f3-8ab8-025c3dcb717f""]","[""Grammar"",""Language Arts""]"
Murdered Over a Math Proof?! Irrational Numbers and the Square Root of 2,,https://www.youtube.com/embed/rOGqq1O1rzI,Media/Video,en,https://images-staging.opened.com/pictures/1891583/image20171104-4-f574kx.jpg?1509778093,,"{""flesch-kincaid"":null,""lexile"":null}","",patrickJMT,,609.0,,{},3.0,0.0,"{""title"":""https://www.opened.io/resources/1891583"",""launch_url"":""https://www.opened.io/resources/1891583"",""description"":"""",""extension"":"""",""secure_launch_url"":"""",""icon"":"""",""secure_icon"":"""",""vendor"":{""code"":""NULL"",""name"":""OpenEd""},""cartridge_icon"":{""name"":""NULL"",""resourceUri"":""NULL""},""cartridge_bundle"":{""name"":""NULL"",""resourceUri"":""NULL""}}",[],[],"[""fullMouseControl""]",[],[],"[""auditory"",""color"",""textOnImage"",""visual""]",[],[]
Writing a Whole Number in a Different Base (Including Base 2),,https://www.youtube.com/embed/1srwWeMe3BE,Media/Video,en,https://images-staging.opened.com/pictures/1909365/image20171202-4-5ef7mt.jpg?1512194474,,"{""flesch-kincaid"":null,""lexile"":null}","",patrickJMT,,1595.0,,{},3.0,0.0,"{""title"":""https://www.opened.io/resources/1909365"",""launch_url"":""https://www.opened.io/resources/1909365"",""description"":"""",""extension"":"""",""secure_launch_url"":"""",""icon"":"""",""secure_icon"":"""",""vendor"":{""code"":""NULL"",""name"":""OpenEd""},""cartridge_icon"":{""name"":""NULL"",""resourceUri"":""NULL""},""cartridge_bundle"":{""name"":""NULL"",""resourceUri"":""NULL""}}",[],[],"[""fullMouseControl""]",[],[],"[""auditory"",""color"",""textOnImage"",""visual""]",[],[]
PatrickJMT + Chess,,https://www.youtube.com/embed/7_MTFLAHmCI,Media/Video,en,https://images-staging.opened.com/pictures/1909405/image20171216-4-w61yni.jpg?1513404119,,"{""flesch-kincaid"":null,""lexile"":null}","",patrickJMT,,3957.0,,{},3.0,0.0,"{""title"":""https://www.opened.io/resources/1909405"",""launch_url"":""https://www.opened.io/resources/1909405"",""description"":"""",""extension"":"""",""secure_launch_url"":"""",""icon"":"""",""secure_icon"":"""",""vendor"":{""code"":""NULL"",""name"":""OpenEd""},""cartridge_icon"":{""name"":""NULL"",""resourceUri"":""NULL""},""cartridge_bundle"":{""name"":""NULL"",""resourceUri"":""NULL""}}",[],[],"[""fullMouseControl""]",[],[],"[""auditory"",""color"",""textOnImage"",""visual""]",[],[]
How to Establish a Personal Writing Practice,,https://www.youtube.com/embed/3R9Nl9_Wkes,Media/Video,en,https://images-staging.opened.com/pictures/1921662/image20180106-4-1ikj2wr.jpg?1515218482,,"{""flesch-kincaid"":null,""lexile"":null}","",OnDemandInstruction,,1686.0,,{},3.0,0.0,"{""title"":""https://www.opened.io/resources/1921662"",""launch_url"":""https://www.opened.io/resources/1921662"",""description"":"""",""extension"":"""",""secure_launch_url"":"""",""icon"":"""",""secure_icon"":"""",""vendor"":{""code"":""NULL"",""name"":""OpenEd""},""cartridge_icon"":{""name"":""NULL"",""resourceUri"":""NULL""},""cartridge_bundle"":{""name"":""NULL"",""resourceUri"":""NULL""}}",[],[],"[""fullMouseControl""]",[],[],"[""auditory"",""color"",""textOnImage"",""visual""]",[],[]
The Poisson Distribution : A Derivation,,https://www.youtube.com/embed/tA0piaEZOpE,Media/Video,en,https://images-staging.opened.com/pictures/1921663/image20180106-4-t42egt.jpg?1515218495,,"{""flesch-kincaid"":null,""lexile"":null}","",patrickJMT,,893.0,,{},3.0,0.0,"{""title"":""https://www.opened.io/resources/1921663"",""launch_url"":""https://www.opened.io/resources/1921663"",""description"":"""",""extension"":"""",""secure_launch_url"":"""",""icon"":"""",""secure_icon"":"""",""vendor"":{""code"":""NULL"",""name"":""OpenEd""},""cartridge_icon"":{""name"":""NULL"",""resourceUri"":""NULL""},""cartridge_bundle"":{""name"":""NULL"",""resourceUri"":""NULL""}}",[],[],"[""fullMouseControl""]",[],[],"[""auditory"",""color"",""textOnImage"",""visual""]",[],[]
Poisson Distribution - A Real Life Example,,https://www.youtube.com/embed/WcMcmqu6y1Q,Media/Video,en,https://images-staging.opened.com/pictures/1929837/image20180203-4-131kywb.jpg?1517637709,,"{""flesch-kincaid"":null,""lexile"":null}","",patrickJMT,,733.0,,{},3.0,0.0,"{""title"":""https://www.opened.io/resources/1929837"",""launch_url"":""https://www.opened.io/resources/1929837"",""description"":"""",""extension"":"""",""secure_launch_url"":"""",""icon"":"""",""secure_icon"":"""",""vendor"":{""code"":""NULL"",""name"":""OpenEd""},""cartridge_icon"":{""name"":""NULL"",""resourceUri"":""NULL""},""cartridge_bundle"":{""name"":""NULL"",""resourceUri"":""NULL""}}",[],[],"[""fullMouseControl""]",[],[],"[""auditory"",""color"",""textOnImage"",""visual""]",[],[]
The Hypergeometric Distributiion - A Basic Example,,https://www.youtube.com/embed/l-wZeEH6m0Q,Media/Video,en,https://images-staging.opened.com/pictures/1929857/image20180303-4-6kbkyb.jpg?1520056859,,"{""flesch-kincaid"":null,""lexile"":null}","",patrickJMT,,544.0,,{},3.0,0.0,"{""title"":""https://www.opened.io/resources/1929857"",""launch_url"":""https://www.opened.io/resources/1929857"",""description"":"""",""extension"":"""",""secure_launch_url"":"""",""icon"":"""",""secure_icon"":"""",""vendor"":{""code"":""NULL"",""name"":""OpenEd""},""cartridge_icon"":{""name"":""NULL"",""resourceUri"":""NULL""},""cartridge_bundle"":{""name"":""NULL"",""resourceUri"":""NULL""}}",[],[],"[""fullMouseControl""]",[],[],"[""auditory"",""color"",""textOnImage"",""visual""]",[],[]
Letters to the Future: The Simple Guide for Writing Your Memoir,,https://www.youtube.com/embed/Q6M2Ldywzoc,Media/Video,en,https://images-staging.opened.com/pictures/1929915/image20180331-4-1twvfr5.jpg?1522476068,,"{""flesch-kincaid"":null,""lexile"":null}","",OnDemandInstruction,,64.0,,{},3.0,0.0,"{""title"":""https://www.opened.io/resources/1929915"",""launch_url"":""https://www.opened.io/resources/1929915"",""description"":"""",""extension"":"""",""secure_launch_url"":"""",""icon"":"""",""secure_icon"":"""",""vendor"":{""code"":""NULL"",""name"":""OpenEd""},""cartridge_icon"":{""name"":""NULL"",""resourceUri"":""NULL""},""cartridge_bundle"":{""name"":""NULL"",""resourceUri"":""NULL""}}",[],[],"[""fullMouseControl""]",[],[],"[""auditory"",""color"",""textOnImage"",""visual""]",[],[]
Flows and Cuts in Graph Theory,,https://www.youtube.com/embed/u6FkNw16VJA,Media/Video,en,https://images-staging.opened.com/pictures/1929916/image20180331-4-1nldz1a.jpg?1522476074,,"{""flesch-kincaid"":null,""lexile"":null}","",patrickJMT,,742.0,,{},3.0,0.0,"{""title"":""https://www.opened.io/resources/1929916"",""launch_url"":""https://www.opened.io/resources/1929916"",""description"":"""",""extension"":"""",""secure_launch_url"":"""",""icon"":"""",""secure_icon"":"""",""vendor"":{""code"":""NULL"",""name"":""OpenEd""},""cartridge_icon"":{""name"":""NULL"",""resourceUri"":""NULL""},""cartridge_bundle"":{""name"":""NULL"",""resourceUri"":""NULL""}}",[],[],"[""fullMouseControl""]",[],[],"[""auditory"",""color"",""textOnImage"",""visual""]",[],[]
Convolution of Two Functions,,https://www.youtube.com/embed/H5sHCFTypTo,Media/Video,en,,,"{""flesch-kincaid"":null,""lexile"":null}","","",,,,{},3.0,0.0,"{""title"":""https://www.opened.io/resources/1931582"",""launch_url"":""https://www.opened.io/resources/1931582"",""description"":"""",""extension"":"""",""secure_launch_url"":"""",""icon"":"""",""secure_icon"":"""",""vendor"":{""code"":""NULL"",""name"":""OpenEd""},""cartridge_icon"":{""name"":""NULL"",""resourceUri"":""NULL""},""cartridge_bundle"":{""name"":""NULL"",""resourceUri"":""NULL""}}",[],[],"[""fullMouseControl""]",[],[],"[""auditory"",""color"",""textOnImage"",""visual""]",[],[]
Graphing Exponential Functions w/ Graph Transformations,,https://www.youtube.com/embed/KYQK2s1jClw,Media/Video,en,,,"{""flesch-kincaid"":null,""lexile"":null}","","",,,,{},3.0,0.0,"{""title"":""https://www.opened.io/resources/1931583"",""launch_url"":""https://www.opened.io/resources/1931583"",""description"":"""",""extension"":"""",""secure_launch_url"":"""",""icon"":"""",""secure_icon"":"""",""vendor"":{""code"":""NULL"",""name"":""OpenEd""},""cartridge_icon"":{""name"":""NULL"",""resourceUri"":""NULL""},""cartridge_bundle"":{""name"":""NULL"",""resourceUri"":""NULL""}}",[],[],"[""fullMouseControl""]",[],[],"[""auditory"",""color"",""textOnImage"",""visual""]",[],[]
